{"nose": [0.0017373580485582352, 0.10973469167947769, 0.0656559020280838], "neck": [0.0005578577402047813, 0.04446818679571152, 0.007351499516516924], "right_shoulder": [-0.06537579745054245, 0.04295105114579201, 0.0007656214293092489], "right_elbow": [-0.10073791444301605, -0.011567563749849796, 0.0011918626260012388], "right_wrist": [-0.13308240473270416, -0.08192941546440125, 0.041919875890016556], "left_shoulder": [0.06524424999952316, 0.044958289712667465, 0.006919004488736391], "left_elbow": [0.10230650007724762, -0.003759381826967001, 0.0006817418616265059], "left_wrist": [0.13201594352722168, -0.0703246220946312, 0.037093378603458405], "right_hip": [0.04595021530985832, -0.08364222943782806, 0.014006344601511955], "right_knee": [0.04918656870722771, -0.18811877071857452, 0.013533061370253563], "right_ankle": [0.04868278279900551, -0.26335108280181885, 0.00865345261991024], "left_hip": [-0.04423205181956291, -0.09601262211799622, 0.014173348434269428], "left_knee": [-0.04329617694020271, -0.1887422651052475, 0.017976703122258186], "left_ankle": [-0.043604593724012375, -0.2664816379547119, 0.009848599322140217], "right_eye": [-0.059466104954481125, 0.14732250571250916, 0.03459283709526062], "left_eye": [0.05259571596980095, 0.15527287125587463, 0.03957919031381607], "right_ear": [-0.0915362536907196, 0.12822526693344116, -0.0068031493574380875], "left_ear": [0.0850495845079422, 0.1380147635936737, -0.002471053972840309]}