{"nose": [0.0021412528585642576, 0.09663597494363785, 0.0658300444483757], "neck": [-0.0010681250132620335, -0.00773019902408123, 0.0070612248964607716], "right_shoulder": [-0.05952326953411102, -0.01074729859828949, -9.221061918651685e-05], "right_elbow": [-0.08530594408512115, -0.055266208946704865, -0.0002990829525515437], "right_wrist": [-0.10009504109621048, -0.10672871768474579, 0.04145783558487892], "left_shoulder": [0.05843103677034378, -0.00984001811593771, 0.006993727292865515], "left_elbow": [0.08632118254899979, -0.05415782332420349, 0.0014727215748280287], "left_wrist": [0.10457248985767365, -0.10312359780073166, 0.03887445852160454], "right_hip": [0.045034412294626236, -0.11504126340150833, 0.013827108778059483], "right_knee": [0.04918656870722771, -0.18811877071857452, 0.013533061370253563], "right_ankle": [0.04868278279900551, -0.26335108280181885, 0.00865345261991024], "left_hip": [-0.042053237557411194, -0.12201181799173355, 0.01380667183548212], "left_knee": [-0.04329617694020271, -0.1887422651052475, 0.017976703122258186], "left_ankle": [-0.043604593724012375, -0.2664816379547119, 0.009848599322140217], "right_eye": [-0.059466104954481125, 0.14732250571250916, 0.03459283709526062], "left_eye": [0.05259571596980095, 0.15527287125587463, 0.03957919031381607], "right_ear": [-0.0915362536907196, 0.12822526693344116, -0.0068031493574380875], "left_ear": [0.0850512906908989, 0.132415309548378, -0.0023928845766931772]}