{"nose": [-0.0018395402003079653, 0.14977751672267914, 0.056406185030937195], "neck": [-0.00281484704464674, 0.07349737733602524, 0.0012749778106808662], "right_shoulder": [-0.05700086057186127, 0.06860648840665817, 4.478741539060138e-05], "right_elbow": [-0.09885460138320923, 0.010754643008112907, 0.006395004689693451], "right_wrist": [-0.13723714649677277, -0.052421312779188156, 0.03610998019576073], "left_shoulder": [0.05305936932563782, 0.07162738591432571, 0.005409065168350935], "left_elbow": [0.09911634773015976, 0.014673961326479912, -0.0006583056529052556], "left_wrist": [0.14489507675170898, -0.0466638021171093, 0.03407352417707443], "right_hip": [0.04040759429335594, -0.0625956729054451, 0.008027663454413414], "right_knee": [0.041591890156269073, -0.16906189918518066, 0.00432558823376894], "right_ankle": [0.04684566706418991, -0.2698880136013031, 0.0043036434799432755], "left_hip": [-0.041185542941093445, -0.070342056453228, 0.008074192330241203], "left_knee": [-0.03932653367519379, -0.17638461291790009, 0.004860490094870329], "left_ankle": [-0.039025843143463135, -0.27600616216659546, 0.004854727070778608], "right_eye": [-0.046973422169685364, 0.17869310081005096, 0.03301609680056572], "left_eye": [0.04211730509996414, 0.18008838593959808, 0.034229617565870285], "right_ear": [-0.0733054131269455, 0.15067680180072784, -0.004895998630672693], "left_ear": [0.06699876487255096, 0.14980462193489075, -0.005344141274690628]}