{"nose": [-0.009920584969222546, 0.12076142430305481, 0.05144921690225601], "neck": [-0.010807228274643421, 0.0514158271253109, 0.0013299279380589724], "right_shoulder": [-0.06006723269820213, 0.04696957394480705, 0.0002115728275384754], "right_elbow": [-0.09811610728502274, -0.005623028613626957, 0.0059844981878995895], "right_wrist": [-0.13300932943820953, -0.06305573135614395, 0.03299811854958534], "left_shoulder": [0.03998754173517227, 0.04971584677696228, 0.00508818868547678], "left_elbow": [0.08185750991106033, -0.0020600110292434692, -0.00042760284850373864], "left_wrist": [0.12347455322742462, -0.057821620255708694, 0.03114679642021656], "right_hip": [0.028485914692282677, -0.07230513542890549, 0.007468733470886946], "right_knee": [0.02956254966557026, -0.1690925806760788, 0.0041032107546925545], "right_ankle": [0.03433872014284134, -0.26075273752212524, 0.004083261359483004], "left_hip": [-0.045689668506383896, -0.07934730499982834, 0.007511031813919544], "left_knee": [-0.04399966821074486, -0.17574959993362427, 0.004589484538882971], "left_ankle": [-0.04372630640864372, -0.26631468534469604, 0.004584244918078184], "right_eye": [-0.050951384007930756, 0.14704833924770355, 0.030185498297214508], "left_eye": [0.030040200799703598, 0.14831678569316864, 0.03128870204091072], "right_ear": [-0.07488956302404404, 0.12157893925905228, -0.004280052147805691], "left_ear": [0.05265972018241882, 0.12078605592250824, -0.004687455017119646]}