{"nose": [-0.003130262019112706, 0.16587696969509125, 0.05414091795682907], "neck": [-0.008572826161980629, 0.10935179889202118, -0.005226037930697203], "right_shoulder": [-0.0681774765253067, 0.10397181659936905, -0.006579247768968344], "right_elbow": [-0.11421658098697662, 0.04033476859331131, 0.0004059926141053438], "right_wrist": [-0.1564374417066574, -0.02915881760418415, 0.033092476427555084], "left_shoulder": [0.05288884416222572, 0.10729481279850006, -0.0006785409059375525], "left_elbow": [0.10355149209499359, 0.0446460098028183, -0.007352650165557861], "left_wrist": [0.1539081186056137, -0.022825559601187706, 0.030852381139993668], "right_hip": [0.03897187486290932, -0.040350597351789474, 0.0022019187454134226], "right_knee": [0.04027460888028145, -0.15746350586414337, -0.001870364649221301], "right_ankle": [0.04605376720428467, -0.2683720886707306, -0.001894504064694047], "left_hip": [-0.05078059807419777, -0.04887162148952484, 0.002253100508823991], "left_knee": [-0.04873568192124367, -0.16551849246025085, -0.0012819726252928376], "left_ankle": [-0.04840493202209473, -0.27510207891464233, -0.0012883121380582452], "right_eye": [-0.03098677098751068, 0.19395537674427032, 0.019874906167387962], "left_eye": [0.01657041721045971, 0.1956009715795517, 0.02724142000079155], "right_ear": [-0.05411602929234505, 0.1733667254447937, -0.013280442915856838], "left_ear": [0.0373358279466629, 0.16922003030776978, -0.009465649724006653]}